<?xml version="1.0" encoding="UTF-8"?>

<Patient xmlns="http://hl7.org/fhir">
  <id value="ExamplePatientInstance"/>
  <meta>
    <profile value="http://example.org/StructureDefinition/ExamplePatient"/>
  </meta>
  <text>
    <status value="generated"/><div xmlns="http://www.w3.org/1999/xhtml"><p style="border: 1px #661aff solid; background-color: #e6e6ff; padding: 10px;"><b>Firstname Lastname </b> male, DoB: 1981-07-15 ( id: PATIENT0001)</p><hr/><table class="grid"><tr><td style="background-color: #f3f5da" title="Record is active">Active:</td><td colspan="3">true</td></tr><tr><td style="background-color: #f3f5da" title="Ways to contact the Patient">Contact Details:</td><td colspan="3"><ul><li>ph: 010002023</li><li>123 , Random st. City 12345 Thailand </li></ul></td></tr></table></div>
  </text>
  <identifier>
    <system value="http://example-ig.com/patients"/>
    <value value="PATIENT0001"/>
  </identifier>
  <active value="true"/>
  <name>
    <family value="Lastname"/>
    <given value="Firstname"/>
  </name>
  <telecom>
    <system value="phone"/>
    <value value="010002023"/>
  </telecom>
  <gender value="male"/>
  <birthDate value="1981-07-15"/>
  <address>
    <line value="123 , Random st."/>
    <city value="City"/>
    <postalCode value="12345"/>
    <country value="Thailand"/>
  </address>
</Patient>