<?xml version="1.0" encoding="UTF-8"?>

<CodeSystem xmlns="http://hl7.org/fhir">
  <id value="ExampleConsentStateCS"/>
  <text>
    <status value="generated"/><div xmlns="http://www.w3.org/1999/xhtml"><p>This code system <code>http://example.org/CodeSystem/ExampleConsentStateCS</code> defines the following code:</p><table class="codes"><tr><td style="white-space:nowrap"><b>Code</b></td><td><b>Display</b></td><td><b>Definition</b></td></tr><tr><td style="white-space:nowrap">invalid<a name="ExampleConsentStateCS-invalid"> </a></td><td>Invalid</td><td>The consent is invalid by law or other reasons</td></tr></table></div>
  </text>
  <url value="http://example.org/CodeSystem/ExampleConsentStateCS"/>
  <version value="0.1.0"/>
  <name value="ExampleConsentStateCS"/>
  <status value="draft"/>
  <date value="2023-07-25T20:35:14+00:00"/>
  <publisher value="Example Publisher"/>
  <contact>
    <name value="Example Publisher"/>
    <telecom>
      <system value="url"/>
      <value value="http://example.org/example-publisher"/>
    </telecom>
  </contact>
  <content value="complete"/>
  <count value="1"/>
  <concept>
    <code value="invalid"/>
    <display value="Invalid"/>
    <definition value="The consent is invalid by law or other reasons"/>
  </concept>
</CodeSystem>