{
  "resourceType" : "CodeSystem",
  "id" : "ExampleConsentStateCS",
  "text" : {
    "status" : "generated",
    "div" : "<div xmlns=\"http://www.w3.org/1999/xhtml\"><p>This code system <code>http://example.org/CodeSystem/ExampleConsentStateCS</code> defines the following code:</p><table class=\"codes\"><tr><td style=\"white-space:nowrap\"><b>Code</b></td><td><b>Display</b></td><td><b>Definition</b></td></tr><tr><td style=\"white-space:nowrap\">invalid<a name=\"ExampleConsentStateCS-invalid\"> </a></td><td>Invalid</td><td>The consent is invalid by law or other reasons</td></tr></table></div>"
  },
  "url" : "http://example.org/CodeSystem/ExampleConsentStateCS",
  "version" : "0.1.0",
  "name" : "ExampleConsentStateCS",
  "status" : "draft",
  "date" : "2023-07-25T20:35:14+00:00",
  "publisher" : "Example Publisher",
  "contact" : [{
    "name" : "Example Publisher",
    "telecom" : [{
      "system" : "url",
      "value" : "http://example.org/example-publisher"
    }]
  }],
  "content" : "complete",
  "count" : 1,
  "concept" : [{
    "code" : "invalid",
    "display" : "Invalid",
    "definition" : "The consent is invalid by law or other reasons"
  }]
}