{
  "resourceType" : "Patient",
  "id" : "ExamplePatientInstance",
  "meta" : {
    "profile" : ["http://example.org/StructureDefinition/ExamplePatient"]
  },
  "text" : {
    "status" : "generated",
    "div" : "<div xmlns=\"http://www.w3.org/1999/xhtml\"><p style=\"border: 1px #661aff solid; background-color: #e6e6ff; padding: 10px;\"><b>Firstname Lastname </b> male, DoB: 1981-07-15 ( id:\u00a00001)</p><hr/><table class=\"grid\"><tr><td style=\"background-color: #f3f5da\" title=\"Record is active\">Active:</td><td colspan=\"3\">true</td></tr><tr><td style=\"background-color: #f3f5da\" title=\"Ways to contact the Patient\">Contact Details:</td><td colspan=\"3\"><ul><li>ph: 010002023</li><li>123 , Random st. City 12345 Thailand </li></ul></td></tr></table></div>"
  },
  "identifier" : [{
    "system" : "http://example-ig.com/patients",
    "value" : "0001"
  }],
  "active" : true,
  "name" : [{
    "family" : "Lastname",
    "given" : ["Firstname"]
  }],
  "telecom" : [{
    "system" : "phone",
    "value" : "010002023"
  }],
  "gender" : "male",
  "birthDate" : "1981-07-15",
  "address" : [{
    "line" : ["123 , Random st."],
    "city" : "City",
    "postalCode" : "12345",
    "country" : "Thailand"
  }]
}